version,date,content
Slack 26.01.30,21 January 2026,"if your workspace did not allow messages to be copied, we were also erroneously preventing you from viewing file attachments. here's a message we're not just copying from previous bug fixes: we're sincerely sorry for the trouble."
Slack 26.01.20,14 January 2026,"we’ve been working hard behind the scenes to make sure that everything is polished, well-oiled and running as it should be. if you notice anything to the contrary, as always, let us know at feedback@slack.com!"
Slack 26.01.10,7 January 2026,"we tweaked some things too small to notice or too difficult to explain. we’ll return you to your regular, more interesting types of release next time (we hope)."
Slack 25.12.20,10 December 2025,"this will be our final release for 2025, which has us reflecting on all the ways we've grown this past year. whether you favor radical reinvention or a slow and steady bloom, we hope these past 12 months have been nourishing and expansive. as the beatles put it, ""there's nowhere you can be that isn't where you're meant to be."" we're very glad you're here with us."
Slack 25.12.10,3 December 2025,"the /feedback command was broken, sending the bug report meant for slack into whichever channel you happened to be viewing. it's now been fixed. /gif celebrate.we checked out some inconsistent behavior around checkboxes within the app. having triple-checked the fix, we’re now checking this bug off the list.certain photo uploads were not allowing you to zoom in to the picture after it was sent. what is this, an app for ants? feel free to take a closer look in order to make sure everything is really, really, ridiculously good-looking."
Slack 25.11.30,19 November 2025,"we tidied the shelves, cleaned the windows and ran a white-gloved finger over every flat surface. just a little routine maintenance to ensure that everything is shipshape. full steam ahead!"
Slack 25.11.21,13 November 2025,we’ve tinkered with the internal workings and polished some rough edges. the app is now better than it was.
Slack 25.11.20,12 November 2025,"form fields were not accepting numbers preceded by the ""#"" sign (#1, #2, etc.). if you recall a time when this was a number sign and not a hashtag, this one's for you. #fixedslash commands with very long dialogs could not be scrolled, preventing users from selecting any options below. they say the pen is mightier than the sword, and that long blocks of text are more powerful than interactable menu options. they say one of those things. we say this is fixed."
Slack 25.11.11,6 November 2025,don’t mind us – just making a few small adjustments to keep the app in tip-top shape. more to come soon. cheerio!
Slack 25.11.10,5 November 2025,everything is an itty-bitty bit better than it was before. trust us.
Slack 25.10.50,29 October 2025,"""double, double toil and trouble / vanishing emoji bubble / found a bug and dumped the cache / this update will fix the crash."" (if you were running into a crash when selecting an emoji reaction, updating the app should banish this spooky behavior. happy halloween!)"
Slack 25.10.40,22 October 2025,don’t mind us – just making a few small adjustments to keep the app in tip-top shape. more to come soon. cheerio!
Slack 25.10.30,15 October 2025,"all bugs that were fixed in this release were too small for the eye to see or too fiddly for human words to describe. nevertheless, work was done, things tinkered with and the app became subtly better."
Slack 25.10.20,9 October 2025,"a little reminder as you go about your day: the world is a more unique place simply because you’re part of it, and you’ve affected others in ways that you can’t imagine. oh, and no big changes to the app this time. happy messaging!"
Slack 25.10.10,1 October 2025,don’t mind us – just making a few small adjustments to keep the app in tip-top shape. more to come soon. cheerio!
Slack 25.09.40,24 September 2025,"hard work is happening this week, but nothing that we can easily describe. it’s like a duck swimming on a pond. under the water, the duck is paddling furiously, but on top, all that can be seen is the gentle gliding of a bird on water. this week, slack is the duck."
Slack 25.09.30,17 September 2025,"we’ve sanded down some rough patches in the app so as to avoid any digital splinters. did you know that ‘digital splinters’ were a thing? they are now, but they aren’t anything you’ll need to worry about."
Slack 25.09.20,10 September 2025,"incoming huddles notifications were not appearing when devices were locked, which is a little like a doorbell only working when the front door is already open. ding-dong. who's there? it's a bug fix.when creating a new message, it wasn't possible to add multiple people to a dm (despite the checkboxes tantalizingly suggesting it was). we apologize for the mixed messages. bug fixed? check."
Slack 25.09.10,3 September 2025,"we’ve been working hard behind the scenes to make sure that everything is polished, well-oiled and running as it should be. if you notice anything to the contrary, as always, let us know at feedback@slack.com!"
Slack 25.08.40,27 August 2025,"on android tablets, huddle videos were sometimes appearing upside down. a fresh perspective can be quite illuminating when you're stuck on a problem; it's less helpful when you just want to see someone's face. we've turned the tables on this bug (and turned your video back to its proper orientation)."
Slack 25.08.30,20 August 2025,"our url auto-detector was a bit overzealous, adding link formatting back to text after you removed it. there's a line between autocorrect and auto-incorrect, and it looks like we found it."
Slack 25.08.21,14 August 2025,security guidancethis release includes security improvements. updating is recommended.
Slack 25.08.20,13 August 2025,we’ve tuned the engine and given the interior a thorough clean. everything is now running smoothly again.
Slack 25.08.10,6 August 2025,"we tidied the shelves, cleaned the windows and ran a white-gloved finger over every flat surface. just a little routine maintenance to ensure that everything is shipshape. full steam ahead!"
Slack 25.07.50,1 August 2025,"new display name? we love it. unfortunately, the app wasn't putting two and two together, leaving folks empty-handed when trying to @mention someone whose display name didn't match their full name. however you want to be addressed, we're here for it, and now the app is as well."
Slack 25.07.40,24 July 2025,"a gray overlay was frequently covering the slack ui, mirroring the ""no-sky july"" some of our team in san francisco experience when a marine layer forms during the summer months. it's a fascinating phenomenon that's not at all germane to the app, nor these release notes. enjoy clear slack skies once again with this update."
Slack 25.07.30,17 July 2025,"the android ""back"" button was behaving inconsistently, sometimes requiring three separate taps to move through a single screen. after extensive testing, our experts have concluded this was officially “two too many.” with this update, we seek to go back to a time before such a bug ever existed."
Slack 25.07.20,9 July 2025,"this week we give you minor improvements too small to mention, but did you know that you can read through our past release notes any time you like? discover a feature! see how far we’ve come! have yourself a sensible chuckle! they’re all available over at https://slack.com/release-notes."
Slack 25.07.10,3 July 2025,"this round’s changes may be too small to notice outright, but we’re hoping that there’s a certain ineffable quality that comes through in the update. don’t you just feel better being up to date? we definitely do."
Slack 25.06.40,25 June 2025,"case-conscious users noticed that two versions of the same email address could be present when adding a workspace. this duplicative deception would occur if you already had an account, then accepted an invite where that same email was written in all caps. this bug has been fixed. hang on, let's try that again: this bug has been fixed."
Slack 25.06.30,19 June 2025,the app is objectively better today than it was yesterday. this is a scientifically verifiable fact that cannot be challenged or undermined. we appreciate you staying up to date!
Slack 25.06.20,11 June 2025,"nothing major to report this week. nothing minor to report either, as it turns out. work is still happening, mind you – it’s just more the sort that happens behind the curtain in between scenes at a play. we’re quietly setting the stage for what’s to come."
Slack 25.06.10,4 June 2025,"specific @mentions (like @channel and @here) were not appearing in the autocomplete menu after tapping the compose button. if you lost your composure over this, you'd be forgiven, but we've channeled our efforts and the fix is here.deep links to specific tabs within the app were not working, behaving more like signs pointing to a dead end. these links are now 100% more ... linky? they work now."
Slack 25.05.40,28 May 2025,"no big fixes to bring your attention to this week, but rest assured, there will be more in the future. not that introducing bugs is our aim, of course. but missteps, adjustments, errors and corrections – these are the rhythms of life and the price of growth. we hope that you’re enjoying the ride, no matter where you happen to find yourself at present."
Slack 25.05.30,21 May 2025,"like a runner steadily improving their split times, this update is the sort that’s less showy but no less important. you’ll find the app a little faster, a little leaner, a little closer to the goal."
Slack 25.05.20,14 May 2025,"hard work is happening this week, but nothing that we can easily describe. it’s like a duck swimming on a pond. under the water, the duck is paddling furiously, but on top, all that can be seen is the gentle gliding of a bird on water. this week, slack is the duck."
Slack 25.05.10,9 May 2025,"ever have those weeks when it feels like nothing’s happening, but then you look back later and realise a lot of things were actually happening? this is one of those weeks for the app."
Slack 25.04.50,30 April 2025,user groups with periods in their names were not properly autocompleting when typing out an @mention. our own group of mobile engineers has confirmed that this bug has been fixed — full stop.
Slack 25.04.30,16 April 2025,"messages scheduled to be sent at a later time were sometimes failing to send at all. that certainly wasn't our intention, but you know what they say about good intentions. we're paving the way for a more successful future with this update.when using the talkback feature, some of our error messages were not being read out along with the field that triggered them. if an error message is written in slack, but no one is able to hear it, does it exist? the answer is now a resoundingly audible ""yes."""
Slack 25.04.20,9 April 2025,don’t mind us – just making a few small adjustments to keep the app in tip-top shape. more to come soon. cheerio!
Slack 25.04.10,2 April 2025,"posting a link trigger to a workflow was causing the url to redirect to a browser, wherein the workflow in question would abruptly fail. kind of the opposite of ""flow,"" come to think of it. this ""workclog"" is now unblocked."
Slack 25.03.40,26 March 2025,"within lists, fields with emoji for their names weren't rendering, instead displaying the description text (:like-so:). we hope this update takes you from :frowning: to :smiley:."
Slack 25.03.30,19 March 2025,"a little reminder as you go about your day: the world is a more unique place simply because you’re part of it, and you’ve affected others in ways that you can’t imagine. oh, and no big changes to the app this time. happy messaging!"
Slack 25.02.41,5 March 2025,"hard work is happening this week, but nothing that we can easily describe. it’s like a duck swimming on a pond. under the water, the duck is paddling furiously, but on top, all that can be seen is the gentle gliding of a bird on water. this week, slack is the duck."
Slack 25.03.10,5 March 2025,"what’s newthis update changes the ""back"" button from ios-style chevrons to android-style arrows. sure, it's not our most sophisticated or technically advanced update, but it's nice to have another arrow in our quiver nonetheless."
Slack 25.02.40,26 February 2025,"tapping the search icon (magnifying glass) in a channel was sometimes causing the app to crash. we’re … pretty sure that’s not what you were looking for. that said, if it's a bug fix you seek? well, look no further."
Slack 25.02.30,19 February 2025,"drafts and scheduled messages were not syncing from the android app to desktop, leaving whatever you started on mobile confined to the portable experience. the message in our own outbox reads: ""the handoff from handheld has now been handled.""when starting a group dm, our copy told you, ""no one else can join it."" that's no longer true, as you now have the option to add people to your existing dms. good news, poor messaging (our bad)."
Slack 25.02.20,13 February 2025,we’ve tinkered with the internal workings and polished some rough edges. the app is now better than it was.
Slack 25.02.10,5 February 2025,"a little reminder as you go about your day: the world is a more unique place simply because you’re part of it, and you’ve affected others in ways that you can’t imagine. oh, and no big changes to the app this time. happy messaging!"
Slack 25.01.50,29 January 2025,"scheduling messages for a time in the past (“today at 12:00 a.m.”) was causing a crash, giving new meaning to the phrase “right place, wrong time.” we hope our new error message is more helpful than a total shutdown (time travel is still in closed beta)."
Slack 25.01.40,23 January 2025,"we don’t have anything in particular to call out for this release, but we thank you for staying up to date all the same."
Slack 25.01.30,16 January 2025,"this week’s is not a huge update, but let that not convince you it’s unimportant. they can’t all be red-letter days (or updates), but each day we’re here is a good one. this update is a good one too."
Slack 25.01.20,8 January 2025,"this week we give you minor improvements too small to mention, but did you know that you can read through our past release notes any time you like? discover a feature! see how far we’ve come! have yourself a sensible chuckle! they’re all available over at https://slack.com/release-notes."
Slack 24.12.20,11 December 2024,"nothing to report this time. well, nothing that you can see, but plenty going on under the surface. we’re working hard to make slack better; this time it’s not so visible."
Slack 24.12.10,5 December 2024,"nothing major to report this week. nothing minor to report either, as it turns out. work is still happening, mind you – it’s just more the sort that happens behind the curtain in between scenes at a play. we’re quietly setting the stage for what’s to come."
Slack 24.11.30,20 November 2024,"thanks for updating the app! this round’s changes don’t lend themselves to tidy summaries, but we’re doing all that we can to make sure the app is running as smoothly as possible. here’s to incremental gains!"
Slack 24.11.20,13 November 2024,"users trying to view a profile with the ooo status were out of luck when the app crashed on them. the whole experience was entirely out of line, and this bug is now out of the picture."
Slack 24.11.10,6 November 2024,"tapping on a threaded reply in search results was opening the correct channel but not the thread itself. as it turns out, “somewhere over there” is not a particularly helpful way to surface results. we’ve tied up all loose threads, and hope your patience has not unraveled in the meantime.the mechanism governing the sending of audio clips was unsound, leading to failed uploads and stuck error messages. if you ever had to call an audible when audio didn’t send, this fix is for you.certain slack themes made the android status bar at the top of the screen quite difficult to make out. in app design, there are many things you’d like to remain invisible; this isn’t one of them.emoji are no longer case-sensitive. we apologize for any insensitivity, just in case."
Slack 24.10.50,30 October 2024,"ever have those weeks when it feels like nothing’s happening, but then you look back later and realise a lot of things were actually happening? this is one of those weeks for the app."
Slack 24.10.40,23 October 2024,"there’s a philosophy in software that you should “fail fast,” but we reckon they’re not talking about the app crashing immediately upon launch. whatever the speed of our foibles, we always try to “fix faster.”if you were in a private canvas that had multiple sections within it, you may have noticed that the android app would not allow you to navigate across those sections. privacy is obviously paramount, but in this case we were holding things a little too close to the vest."
Slack 24.10.30,16 October 2024,"progress can be difficult to measure in the moment, but that’s not why file uploads were hard to track in dark mode. we’ve brightened up the upload progress wheel so you’ll know where you are at all times."
Slack 24.10.20,9 October 2024,"bugs were squashed, performance was improved, work was done and the result was good. please enjoy slack responsibly."
Slack 24.10.10,2 October 2024,"markup formatting was behaving more like permanent marker, with closing commands being ignored. italicizing one word? the rest of your message was going to tag along in italics as well. boundaries are important, and slack will now respect your formatting boundaries in markup.users who had been removed from all workspaces in an enterprise org were still able to take actions in some of those workspaces, which seemed … wrong? if you have to leave the building, you also have to give up the remote control.archived channels were appearing when opening search and tapping into the channels tab. while you’re still able to search for channels that have been archived, we’ve tidied up a bit and will hide them from view while you’re just browsing.sorting lists by name was not behaving reliably in the android app. we’re not sure exactly what to name this issue, but suffice it to say things were out of sorts."
Slack 24.09.40,25 September 2024,"time may be a flat circle, but it sure is useful for coordinating meetings. for that reason (and because it was unequivocally a bug), profiles in slack connect will once again correctly display a user’s local time."
Slack 24.09.30,18 September 2024,"all bugs that were fixed in this release were too small for the eye to see or too fiddly for human words to describe. nevertheless, work was done, things tinkered with and the app became subtly better."
Slack 24.09.20,11 September 2024,"there are certain things people are happy simply to observe: great works of fine art, animals in their natural habitat, a person attempting a particularly daring feat of parallel parking. most, however, would not say the same for particularly long urls, which is why we would like to apologize for the continue and cancel buttons failing to appear on our “double-check this link” pop-up.when more than four custom statuses were created, it became impossible to scroll down to slack’s default status list, as if the app were sulking in incredulity that you preferred to create your own. there is room for both tradition and innovation — enjoy both within the app once more."
Slack 24.09.10,4 September 2024,"it’s the journey, not the destination, right? okay, sometimes it’s the destination — such as when stuck on an infinite loading screen while trying to sign in using email links with two-factor authentication. maybe the real authentication was the friends we made along the way? (it wasn’t.)adding a new profile picture? if you chose “allow limited access” to your photo gallery, the app would not accept any selected photos for upload. turns out the only one limiting photo access was us."
Slack 24.08.40,28 August 2024,what’s newno big news from us this week — just sanding down some rough edges for a more comfortable experience. let us know if you run into anything that could use smoothing at feedback@slack.com!
Slack 24.08.30,21 August 2024,"fixed: dm suggestions were populating alphabetically rather than in a more useful way, such as by who you talk to most frequently. apologies to all the aaron abernathys of the world; your alphabetical supremacy has come to a close."
Slack 24.08.20,14 August 2024,"no big fixes to call out this week, but rest assured, there will be more in the future. not that introducing bugs is our aim, of course. but missteps, adjustments, errors and corrections — these are the rhythms of life and the price of growth. we hope you're enjoying the ride, no matter where you happen to find yourself at present."
Slack 24.08.10,7 August 2024,"notifications were not being sent for huddles in dms, which raises the question: how many people, in a definitional sense, are required to form a huddle? it’s one of those philosophical quandaries like the ship of theseus or “how many geese make a gander?” no matter your answer, we argue that if a bug occurs but no one is around to report it, it still must be fixed."
Slack 24.07.50,31 July 2024,what’s newdon’t mind us—just making a few small adjustments to keep the app in tip-top shape. more to come soon. cheerio!
Slack 24.07.40,24 July 2024,"the “paste as plain text” option was just plain broken, causing the app to immediately crash when it was selected. remove formatting whenever you like — this bug has itself been removed.can there be too much of a good thing? our emoji picker would seem to say “yes” as it struggled to load each new row of emoji. our devs took the opposite tack, fixing the underlying issue. enjoy the limitless potential of this emoji cornucopia."
Slack 24.07.30,17 July 2024,"when using search filters like “in:#” or “from:@,” precisely zero results would be returned. luckily for us, our engineers were able to zero in on the root of the problem. new query: “bugs in search” — results: 0.in enterprise grid workspaces, filtering for channels only from a specific workspace had a very short memory — in particular, navigating away from the app and then returning caused every channel in the org to be returned to view. quite the week for filters, eh? we’ve sifted through the code and removed all traces of this bug."
Slack 24.07.20,10 July 2024,fixed: heisenberg’s uncertainty principle states that we cannot accurately measure both the position and momentum of a given particle at the same time. slack’s uncertainty principle states that the number of reactions shown in the activity view did not always correspond to the actual number of reacji. let’s take some of the guesswork out—we’re relatively certain that this bug is now fixed.
Slack 24.07.10,3 July 2024,"what’s newhappy summer, friends! no updates to report here. just vibes."
Slack 24.06.40,26 June 2024,what’s neweverything is an itty-bitty bit better than it was before. trust us.
Slack 24.06.30,19 June 2024,"what’s newthis round’s changes may be too small to notice outright, but we’re hoping there’s a certain ineffable quality that comes through in the update. don’t you just feel better being up to date? we sure do."
Slack 24.06.20,12 June 2024,what’s newdon’t mind us—just making a few small adjustments to keep the app in tip-top shape. more to come soon. cheerio!
Slack 24.06.10,5 June 2024,"what’s newwe gather here, on the precipice of summer, to hearken back to the halcyon days of youth; a time when these sun-drenched months were synonymous with freedom, possibility, eager anticipation. there was a world undiscovered out there: in the boardwalk arcades, cloaked in salt spray. in the copper-hued fields, heavy with late dusk. in the mess of stars, keeping vigil as we staved off sleep. alas, there are no summer vacations for the slack apps, even if this update has no major changes or fixes for us to mention. but we hope this season gives you something to hold onto, if not in your own hands then in your memory for years to come."
Slack 24.05.50,29 May 2024,"what’s newsometimes all you need are the highlights—that’s why we’re introducing the recap feature from slack ai. recap lets you choose specific channels to be automatically summarized each day, so you can get the bottom line at the top of each morning. think of it like a “previously on…” segment from your favorite series. and now, on with the show!"
Slack 24.05.40,23 May 2024,"nothing major to report this time around, but if you’re the sort who diligently reads these notes every week, we offer a hearty salute in your direction. thanks for staying on top of all the goings-on in our little neighborhood. more to come soon!"
Slack 24.05.30,15 May 2024,"what’s newwe do these releases every week to keep on top of performance … but sometimes there’s nothing specific to tell you. so let’s talk about some things we could have mentioned more in the first place. like, did you know that you can long-press on a message on mobile to set it to “unread,” so it’s there waiting for you when you get to your desk? or set a reminder to look at it later? oh, you did? never mind, then. carry on."
Slack 24.05.20,8 May 2024,"the emoji picker was putting users in an emoji pickle when it refused to scroll to the very bottom of the screen, obscuring some custom emoji. if we described this bug as “custom scroll length,” would that make it any better? it would not. sorry about that."
Slack 24.05.10,1 May 2024,"fixed: switching between workspaces outside of your larger organization via the “jump to…” menu was failing. we suppose that’s less of a jump and more of a leap, but either way it was a bug. and no one enjoys leaping bugs. we are sorry for making you think about leaping bugs.fixed: oh, did you want to see additional search results? to the back of the line you go! whenever a new page of search results was loading, the app automatically scrolled all the way back to the very beginning. “one step forward, the whole journey back” is no way to make progress, so we went ahead and fixed that."
Slack 24.04.40,24 April 2024,"what’s newsay hi to slack ai! our brand-new set of generative ai tools lets you search smarter, summarize conversations instantly, and much more. head over to the help center to see how you can put slack ai to work for you: https://slack.com/help/articles/25076892548883-introducing--slack-ai"
Slack 24.04.30,17 April 2024,"fixed: did you notice that custom status suggestions for your org were showing up on desktop but not mobile? turns out things were just a little dis-org-anized on our end. ha ha. ha. no, but we’re sorry."
Slack 24.04.20,10 April 2024,"what’s newis it something in the air? a certain je ne sais quoi that’s hard to put a finger on? the world seems brighter, music sounds sweeter … what could it be? the slack app has been updated, and we can neither confirm nor deny that we’re responsible for any lightness that descends upon you."
Slack 24.04.10,3 April 2024,"what’s new[error: release notes not found] wait, that can’t be right… okay, it’s true that we don’t have any specific fixes to call out this time around, but we always want to use this space to let you know we’re constantly working to improve the app. and also to send you some good vibes. hope your april is off to a great start—no foolin’."
Slack 24.03.40,27 March 2024,"what’s newwe’ve been working hard behind the scenes to make sure everything is polished, well-oiled, and running as it should be. if you notice anything to the contrary, as always, let us know at feedback@slack.com!"
Slack 24.03.30,20 March 2024,what’s newwe cleaned the code to make sure everything’s running smoothly. slack—now with a streak-free shine.
Slack 24.03.20,13 March 2024,"what’s newthis week’s is not a huge update, but let that not convince you it’s unimportant. they can’t all be red-letter days (or updates), but each day we’re here is a good one. this update is a good one too."
Slack 24.03.10,6 March 2024,what’s newwhat’s more intimidating than a blank canvas or an unsorted file cabinet? perhaps a slack search where you can’t filter results for canvases or files. we’re filing this update as a definite improvement.
Slack 24.02.40,28 February 2024,"what’s newwe’ve sanded down some rough patches in the app so as to avoid any digital splinters. did you know “digital splinters” were a thing? they are now, but they aren’t anything you’ll need to worry about."
Slack 24.02.30,22 February 2024,"what’s newwelcome to your weekly catch-up with slack. today’s new feature: “catch up.” triage unread messages in an instant by swiping to mark as read and sending quick replies inline. and for those moments when your thumb goes rogue, there’s even an undo button. there’s no catch—try using catch up today!"
Slack 24.02.20,14 February 2024,"android users couldn’t trigger workflows in canvases if the workflow was displayed as a url. this was, in fact, detrimental to the flow of work. slack features need no dress codes, so however you choose to display your workflow, we’ll go ahead and run it."
Slack 24.02.10,7 February 2024,"what’s newhappy february—how are those new year’s resolutions coming along? we’re not here to judge. our resolution was to never just write “ and improvements” for our release notes, even when we don’t have any particular changes to call out. well, what do you know? looks like we’re keeping up our streak."
Slack 24.01.50,31 January 2024,"quick replies from push notifications were not being delivered, making the feature more of a slow and confusing notification dismissal. everyone disliked that. this update restores both speed and accuracy to your quick replies.like holding up a roadmap while driving, the android navigation bar was obscuring the view of slack’s message composer. are we showing our age with this reference? remember payphones? y2k? we now have everything in its right place.when faulkner wrote, “the past is never dead. it's not even past,” we’re pretty sure he was referring to this bug where huddles you’ve finished would continue to be visible in the home tab. our own view might be explained paraphrasing fitzgerald: “so we beat on, boats against the current, borne back ceaselessly into tiny bug fixes.”in an act of civil disobedience (or perhaps just stage fright), the keyboard refused to appear when trying to create a new channel. as frightening as change can be, it’s necessary if we ever want to grow. go forth and create; your keyboard will be there when you’re ready."
Slack 24.01.40,24 January 2024,"what’s newwe tidied the shelves, cleaned the windows and ran a white-gloved finger over every flat surface. just a little routine maintenance to ensure that everything is shipshape. full steam ahead!"
Slack 24.01.30,17 January 2024,"fixed: an extra space can sometimes make all the difference. “nowhere” can easily become “now here” with a tiny bit of separation. we also found that usernames with spaces made our search feature break. oops. luckily, there was just enough room to squeeze in a fix."
Slack 24.01.20,10 January 2024,"now that the holidays are over, you may be feeling like you need a break from direct communication. however, that’s not why the dm tab was showing up as completely empty within slack. that was just a good old-fashioned bug. new year, new bugs, same app you know and love, doing our best."
Slack 24.01.10,3 January 2024,"fixed: the emoji picker, when failing to load, was causing the app to hibernate quickly and without warning. what’s the best emoji for a sudden crash? we hope this latest update elicits a positive reaction (emoji or otherwise)."
Slack 23.12.21,14 December 2023,we’ve tinkered with the internal workings and polished some rough edges. the app is now better than it was.
Slack 23.12.20,13 December 2023,"what’s newwe tweaked some things too small to notice or too difficult to explain. we’ll return you to your regular, more interesting types of releases next time (we hope)."
Slack 23.12.10,6 December 2023,"fixed: if you built an app using block kit, you may have noticed that your `plain_text_input` fields were not saving the text that was entered. selective memory? a touch of forgetfulness? no matter the excuse, it’s been fixed.fixed: the app was crashing when scrolling backward in a channel, which was less than ideal (to put it mildly). time may only move in one direction, but your channel history should always be available to you.fixed: message links will now work across workspaces, so long as you are signed in to both. *ding* you are now free to move about the slack app.fixed: uploaded image previews were not rendering within slack connect channels. if previews should work anywhere, it ought to be in conversations with your external partners. better yet, they should just work everywhere, which is exactly what this update rectifies."
Slack 23.11.40,29 November 2023,what’s newminor tinkerings and tune-ups across the app. we appreciate your staying up to date! let us know if you run into any problems by dropping us a line at feedback@slack.com.
Slack 23.11.30,16 November 2023,"what’s newever have those weeks when it feels like nothing’s happening, but then you look back later and realize a lot of things actually were happening? this is one of those weeks for the app."
Slack 23.11.20,8 November 2023,"we’ve heard that, under the right circumstances, an uploaded video can “break the internet.” as it turns out, uploading a video can also “break the slack app.” if the evidence is circumstantial, this fix is direct: no more app crashes during video uploads.""the bug so nice, they fixed it twice!” a couple of months ago, we issued a fix for a bug where drafts were sometimes sent to the wrong channel on spotty connections. we thought we had gotten it all, but it seems we missed a spot. many thanks for your understanding."
Slack 23.11.10,1 November 2023,"what’s newthanks for updating the app! this round's changes don't lend themselves to tidy summaries, but we're doing all that we can to make sure the app is running as smoothly as possible. here's to incremental gains!"
Slack 23.10.40,25 October 2023,"what’s newlike a runner steadily improving their split times, this update is the sort that's less showy but no less important. you'll find the app a little faster, a little leaner, a little closer to the goal."
Slack 23.10.30,18 October 2023,what’s newwe tuned up the engine and gave the interiors a thorough cleaning. everything is now running smoothly again.
Slack 23.10.10,5 October 2023,"don't mind us—just removing some cobwebs. minor bugs and digital detritus, begone!"
Slack 23.09.40,27 September 2023,"what’s newalert: this will be the final version of slack that supports android 9. we know; goodbyes are hard. while you’ll still be able to continue using slack on this build, you’ll need to update your os in order to get all the goodies coming in future updates. thanks for helping us keep slack at the top of its game!fixed: dms with deactivated users were still appearing in the starred section of the sidebar. we’ll now more accurately represent when stars have taken their bow and stepped out of the limelight.fixed: drafted messages within a given channel were sometimes overlapping with the message input placeholder text in other channels. our staff physicists have concluded this was not, in fact, an instance of parallel universes colliding—it was just a good old-fashioned bug."
Slack 23.09.30,20 September 2023,"big changes are coming—our app is getting a makeover! we’re updating both desktop and mobile versions of slack with brand-new dedicated views designed to maximize focus, organization and productivity. depending on which plan you’re on, you may not see these changes immediately, but keep your eyes peeled over the coming weeks. in the meantime, you can read about what’s coming down the pike on our blog at slackhq.com.what’s newunified grid: tired of switching between workspaces on enterprise grid? all channels you’re a part of within an org can now be displayed in a single view. pretty nifty.tidier headers and footers: your dms, drafts, threads, and later sections are now easier to access while also taking up less screen real estate. your thumbs will thank you.activity: a brand-new activity section consolidates your mentions, threads, reactions and apps into one convenient location. it’s the one-stop shop for what’s new in your conversations.…and much more! did we mention our blog has all the details?"
Slack 23.09.20,13 September 2023,"fixed: in rare cases, when on a particularly weak connection, drafts would be sent to the next channel you opened rather than the channel it was intended for. can you imagine if mail carriers treated “return to sender” as “deliver to the next house on your route”? we’ve fixed the bugs and double-checked our postage to ensure that this doesn’t happen again."
Slack 23.09.10,6 September 2023,"what’s newis this the real life? is this just fantasy? checked in the app store, there's a fresh update just for me. we could wax rhapsodic about some of the new features we have in store, but at the moment we're just setting the stage. carry on, carry on—we'll have more for you in the future."
Slack 23.08.50,30 August 2023,"what’s newthis week we give you minor improvements too small to mention, but did you know that you can read through our past release notes anytime you’d like? discover a feature! see how far we’ve come! have yourself a sensible chuckle! they’re all available over at https://slack.com/release-notes/android."
Slack 23.08.40,23 August 2023,"like a storyteller who can’t stop once they get started, the talkback feature was reading the entirety of a slack message, even when you only wanted to hear a paragraph, a line or just a single word. that was fine if you’re not into the whole brevity thing, but for everyone else, talkback will now talk less when you ask it."
Slack 23.08.30,16 August 2023,"what’s newnothing new to announce this week, but did you know that you can read through our past release notes anytime you’d like? discover a feature! see how far we’ve come! have yourself a sensible chuckle! they’re all available over at https://slack.com/release-notes/android ."
Slack 23.08.20,9 August 2023,"what’s newlong channel names will now wrap in your sidebar, #instead-of-cutting-off-rando…fixed: tapping on a channel’s bookmarked links would result in an error message that “something went wrong.” we hope that every time a link works henceforth, you will think to yourself, “something went right.”fixed: when turned to landscape orientation, the send button was doing a whole lot of nothing. this is fixed, so you may compose (and send) your messages in widescreen aspect ratio like the cinematic artist you are.fixed: in the “new message” composer, app and bot names were not appearing as options to message. who are we to say you can’t be pen pals with a bot? we’ve added them as options; brushing up on binary is up to you."
Slack 23.08.10,9 August 2023,"what’s newfixed: not a lot to share this week, but rest safe in the knowledge that we’re at work behind the scenes making sure everything is in tip-top shape. if you notice anything that shouldn’t be (or things that aren’t that ought to), drop us a line at feedback@slack.com!"
Slack 23.07.40,26 July 2023,"fixed: trying to use the same custom emoji multiple times in the same message resulted in only one instance of the emoji posting. brevity may be the soul of wit, but consecutive custom emoji are awesome, so that’s been fixed."
Slack 23.07.30,19 July 2023,"fixed: [in large tabloid font] “slack dis-connect?!” in some cases, adding folks to a group dm that included slack connect users caused the app to crash. we’ve pushed a late-breaking update to all phones.fixed: check, please! at times, sending a reply to a thread with the “also send to channel” box checked would result in the box stealthily unchecking itself. we’ve added an additional check for a check on all threads in the checkout line."
Slack 23.07.20,12 July 2023,"fixed: not to burst anyone’s bubble, but it seems that android conversation bubbles were sometimes sticking around long after the messages in question had been read. we popped in a fix. break out the bubbly!"
Slack 23.07.10,5 July 2023,"fixed: our magnifying glass illustration was obscuring search results, the irony of which is not lost on us. we hope you can see a little clearer now in its absence."
Slack 23.06.40,28 June 2023,fixed: “it’s now or never” seemed to be the implicit message when the app would crash after responding “be there soon” to a huddle invitation. we know that there are myriad things pulling for your attention. take your time; we’ll hold the huddle for you.
Slack 23.06.30,21 June 2023,"fixed: in larger group dms, scheduling a message was triggering the “no backsies” clause, whereby the app would crash suddenly if you tried to make any changes from the drafts & sent screen. we appointed our amazing mobile engineers to be “it,” and they went ahead and tagged out this bug."
Slack 23.06.20,14 June 2023,"fixed: ever peek at someone's slack profile only to find that person suddenly added to your list of recent direct messages? don't worry, it wasn't a fugue state full of forgotten messages—just a run-of-the-mill bug. it's been fixed."
Slack 23.06.10,7 June 2023,what’s newwe’ve updated some of the language and illustrations within the app to make certain flows clearer and more inviting. it’s the same place you know and love; we just did a little dusting to prepare for company.
Slack 23.05.50,31 May 2023,"what’s newyou know how sometimes you just become aware of how much tension you’re holding in your body, then take a deep breath and slowly let it out? this update is like that. it’s still slack, just with a tiny bit less friction."
Slack 23.05.41,26 May 2023,we’ve tuned the engine and given the interior a thorough clean. everything is now running smoothly again.
Slack 23.05.40,24 May 2023,"what’s newbugs were squashed, performance was improved, work was done, and the result was good. please enjoy slack responsibly."
Slack 23.05.30,17 May 2023,"fixed: one size did not fit all for those whose emoji reactions were being partially cut off, or cropped too close, when the device’s font size was set smaller than the default option. that wasn’t the reaction any of us were hoping for."
Slack 23.05.20,10 May 2023,"fixed: eager to “return” to a moment before your message was sent? we found that when typing in japanese on an external keyboard, the return key was sending the message instead of adding a line break. we’ve “entered” a fix and “sent” that bug packing."
Slack 23.05.10,3 May 2023,"fixed: we’ve removed the option to mention @here or @channel within a direct message. in the context of a dm, these mentions were superfluous, redundant, duplicative. oh, and they also caused the app to crash spectacularly. so that wasn’t great. every message in a dm generates a notification just like an @mention, so all you need are your wonderful words."
Slack 23.04.40,26 April 2023,"fixed: emoji reactions were sometimes failing to render as anything more than gray squares, which may have left you feeling slightly … emotionless. a message without a reaction is always a bit of a blank slate—now your reacji may extend beyond the blank and slate-colored."
Slack 23.04.30,19 April 2023,"what’s newhello. is it release notes you’re looking for? ‘cause we wonder where you are, and we wonder what you do. are you somewhere feeling lonely, because we have no release notes here for you? tell us how to win your heart, for we haven’t got a clue. but let us start by saying: i have no release notes for you."
Slack 23.04.20,12 April 2023,"fixed: our app took some actions a bit personally, crashing after users attempted to use the 'cut' function on text that appeared after a code block. rest assured, we fixed the bug, and no code was harmed in the process.fixed: what's in a name? that which we call a slack username by any other name would … well, forgive us. we were supposed to show users’ actual names in the dm channel header instead of their slack usernames. it was an unintended name drop and it's since been fixed."
Slack 23.04.10,5 April 2023,"what’s newno big fixes to call out this week, but rest assured, there will be more in the future. not that introducing bugs is our aim, of course. but missteps, adjustments, errors and corrections—these are the rhythms of life and the price of growth. we hope you're enjoying the ride, no matter where you happen to find yourself at present."
Slack 23.03.50,29 March 2023,"what’s newno news is good news! well, some news can also be good news, or no news could perhaps lead to uncertainty and speculation on par with bad news, but in this case our absence of news is a good thing. or at least not a bad thing. no news is just fine. never mind."
Slack 23.03.40,22 March 2023,"fixed: if you noticed that fine print wasn’t looking so fine in images, it was probably because our “zoom” function was a bit out of sorts. we now return you to your regularly scheduled clarity.fixed: feel like you’re always starting from square one? making lists using both bullets and numbers meant that every number following a bullet reset to “1.” here’s to progress, for us and for you."
Slack 23.03.30,15 March 2023,"fixed: the app would periodically get stuck trying to load the drafts view, rendering your unsent messages also unviewable. please consider that bug a draft that got sent out a little too early."
Slack 23.03.20,8 March 2023,"fixed: the threads of time got a little tangled, meaning that messages within threads would not display years as part of their timestamp. good threads (both digital and physical) should last you more than a year, so we’ve added that information to the timestamp.fixed: when linking to archived messages, we were always showing the author’s full name, even when you had chosen to show display names instead. what do you call a preference that isn’t honored? answer: a bug that should be fixed, and then archived."
Slack 23.03.10,1 March 2023,"what’s newbeginning march 6, certain older versions of slack will no longer be able to connect. if you’ve updated within the past year, you should be fine. if you haven’t updated in over a year, well, you’re probably not reading this message, but it’s here for posterity. in short, keep your apps up to date, everybody. our support team thanks you!fixed: inbox zero folks can breathe a sigh of relief—we finally tracked down a bug that was causing channels to periodically appear unread even after they’d been checked. may these unbolded channels embolden you toward greater focus."
Slack 23.02.40,22 February 2023,"fixed: instead of showing visual indicators of files you were uploading in the composition field, we, er, filed them away. that is to say that they were hidden from view, which sort of undermined the whole “message preview” thing. they’re back now. sorry about that."
Slack 23.02.30,13 February 2023,"fixed: it was discovered that entering text into the “jump to…” field was returning no results at all. we didn’t want to jump to conclusions, but that sure sounded like a bug. our intrepid engineers jumped in and deployed a fix. you may now jump around to your heart’s content."
Slack 23.02.20,9 February 2023,"what’s newscreen share from anywhere with mobile screen sharing in huddles! just open the more options menu after starting a huddle and tap share screen to begin. you can even background the slack app to continue sharing any content on your device!fixed: archived channels were erroneously appearing in the channel-specific notifications list, refusing to let the past stay in the past. “we’re sorry, but the channel you’re trying to reach is no longer in service” (though, you can always unarchive the channel if the time is ripe for a return)."
Slack 23.01.40,26 January 2023,"what’s newyou can multitask, and so can we. video clips can now be minimized into a smaller window, allowing you to continue playback while working at a steady clip.fixed: tapping on a bot name in the autocomplete menu gave you a random string of letters and numbers, which was … intriguing? provocative? a comment on the anonymity of programs that do so much for us? it was weird, and a bug.fixed: what is the sound of one hand clapping? how do you type a message with no keyboard? at least one of these riddles can be solved now, as we’ve made sure the keyboard stays in view after tapping “new message.”"
Slack 23.01.30,19 January 2023,"what’s newpsa: did you know you can set reminders in slack? select “set a reminder” after long-pressing on a message or type “/remind me” anywhere in slack, and slackbot will dutifully nudge you at the appointed time."
Slack 23.01.20,12 January 2023,"fixed: our friendly “join this channel to reply to the thread” banner was obscuring each thread’s latest message, which was in turn rather unfriendly. you’ll now see the full conversation before deciding if you want to be a part of it."
Slack 23.01.10,4 January 2023,"what’s newcan you believe it’s 2023? if you’re anything like us, you’ve likely been doing a bit of reflecting while also looking ahead. to that end, this update is less about big changes and more about setting the groundwork for what’s to come. we’re still slack and you’re still you—we’re both just a little better than before. happy new year!"
Slack 22.12.20,15 December 2022,"fixed: “that’s just not me,” you may have thought upon noticing the “/me” command was no longer italicizing your text. apologies for any slack-induced identity crises. as dr. seuss said, ""there is no one alive who is youer than you,"" and our slash commands will once again reflect that truth."
Slack 22.12.10,7 December 2022,"what’s newever have those weeks where it feels like nothing's happening, but then you look back later and realize a lot of things actually were happening? this is one of those weeks for the app."
Slack 22.11.40,30 November 2022,what’s newthe app is objectively better today than it was yesterday. this is a scientifically verifiable fact that cannot be challenged or undermined. we appreciate you staying up to date!
Slack 22.11.30,16 November 2022,what’s newminor tinkerings and tune-ups across the app. we appreciate you staying up to date! let us know if you run into any problems by dropping us a line at feedback@slack.com.
Slack 22.11.20,9 November 2022,"oh, sing a song for slower weeks / for those without fanfare / no features to elucidate / no bug fixes to share / we promise we’re still working, and / you’ll notice more in time / but what has changed this week is less / conducive to a rhyme / so thank you for your patience as / we try to do our best / to write more than “ and / performance improvements”"
Slack 22.11.10,2 November 2022,"fixed: customized sidebar settings (sorting channels by recent activity, collapsing channel sections) were sometimes reverting to their defaults for no discernible rhyme or reason. now that halloween is over, we’re done playing tricks."
Slack 22.10.50,26 October 2022,"fixed: searching with japanese characters would inevitably return zero results (even when there were many messages that fit the bill). forgive us—our search was simply at a loss for words.fixed: notifications for dms and bot messages were always displaying the default blank avatar. while this had the potential to give each new message the thrill of hearing from a secret admirer, the names attached ended up spoiling the mystery.fixed: if you posted a message to a thread, then long-pressed on that message and tapped “send reply to this channel,” nothing would happen. we are choosing to blame this lack of delivery on “supply chain issues.”"
Slack 22.10.40,19 October 2022,"what’s newif you’re the sort who finds calm through cleaning, find some portable peace by moving channels between sections in your sidebar (provided you’ve created those sections already on the desktop app). furniture is expensive—why not redecorate your sidebar instead?"
Slack 22.10.20,12 October 2022,"what’s newsay more with video, live emoji reactions and more—now included in huddles on mobile devices!fixed: if a tree falls in a forest and no one is around to hear it, does it make a sound? if a “download” button exists in slack but does nothing when tapped upon, is it a button at all? we leave the semantics to the philosophers. in the meantime, downloading attachments works once again.fixed: the first time you attempted to use the camera within the app, you may have encountered a vague and puzzling permissions error. please don’t take it personal; the app simply didn’t know who you were. going forward, it will be more welcoming."
Slack 22.09.40,26 September 2022,"what’s newwe are living in a material world, and slack now supports material design icons for your home screen. we hope this experience makes you richer."
Slack 22.09.30,19 September 2022,"what’s newthis is to notify you of a notification you’ll see if you have notifications disabled in slack. if you’re someone who says “no” to notifications, tap the button to notify us of your preference and we won’t bother you again.we’ve added “alt” badges to images that contain image descriptions, or alt text. tap on the badge to read additional context for the image, and remember that quality descriptions go a long way for those who rely on screen readers. we’re all in this together!"
Slack 22.09.20,12 September 2022,"what’s newhard work is happening this week, but nothing we can easily describe. it’s like a duck swimming on a river. under the water, the duck is paddling furiously, but on top all that can be seen is the gentle gliding of a bird on water. this week, slack is the duck."
Slack 22.09.10,6 September 2022,"what’s newnow when you select text in a message you’re writing, the formatting bar will automatically appear so you can cut, copy or paste with one tap. it’s sort of like when you’re about to sneeze and someone hands you a tissue before you actually do, but less gross."
Slack 22.08.50,29 August 2022,"what’s newalas, this is the final version of slack that will work on android 8.0 or 8.1. but it doesn’t have to be goodbye forever. simply update your device to android 9.0 or newer, and keep the good times rolling.fixed: “the sound of silence” is a great song, but the actual sound of silence isn’t so great in a huddle. apologies to any xiaomi device users who experienced audio issues. you can continue to jam in your huddles."
Slack 22.08.40,22 August 2022,what’s newdon’t mind us—just making a few small adjustments to keep the app in tip-top shape. more to come soon. cheerio!
Slack 22.08.30,15 August 2022,"fixed: scheduling a message to send in the future was resulting in a confirmation banner that would trail you from channel to channel, appearing at odd times. it was confusing at best and a little creepy at worst, like those paintings that follow you with their eyes. should be better now."
Slack 22.08.20,8 August 2022,"fixed: beginning to edit your profile and then canceling those edits would sometimes cause the buttons at the top of the screen to render incorrectly. you’re allowed to change your mind, and when you do, all your options will once again be right where you left them."
Slack 22.08.10,1 August 2022,"what’s newwe’ve been working hard behind the scenes to make sure everything is polished, well-oiled, and running as it should be. if you notice anything to the contrary, as always, let us know at feedback@slack.com!"
Slack 22.07.30,25 July 2022,"what’s newthe headers at the top of conversations have been updated to be more informative, less crowded and just a bit cleaner overall. you’ll now see any bookmarks or pinned messages next to the member count, and tapping on that same text will bring you to the conversation details screen.fixed: apps were showing the dates for upcoming events but not the scheduled start times. life is more exciting with a bit of mystery, but it’s also more confusing and can cause you to miss meetings.fixed: notification banners were missing the “reply” button, giving each new alert the air of a press conference where they “will not be taking questions at this time.” replies are back, the mic is hot, and the floor is yours."
Slack 22.07.20,18 July 2022,"fixed: do you get déjà vu when we’re with you? that was most likely a bug, bringing you to your most recently viewed channel instead of whichever one you tapped on in the sidebar."
Slack 22.07.15,11 July 2022,"what’s newnothing to report this time. well, nothing that you can see, but plenty going on under the surface. we’re working hard to make slack better; this time it’s not so visible."
Slack 22.07.10,5 July 2022,"what’s newnothing major to report this week. nothing minor to report either, as it turns out. work is still happening, mind you—it’s just more the sort that happens behind the curtain in between scenes at a play. we’re quietly setting the stage for what’s to come."
Slack 22.06.25,27 June 2022,fixed: those using third-party light filters might have encountered buttons and other controls that refused to respond while the filter was enabled. no need to resign yourself to the #nofilter life—we’ve gone ahead and fixed that.
Slack 22.06.20,20 June 2022,"what’s newwe don't have any updates to share this week, but we're laying the groundwork for future changes in this version. perhaps that sounds frustratingly vague, but we invite you to think of it as mysterious and exciting instead."
Slack 22.06.15,13 June 2022,what’s newno big changes this time around. sometimes progress is best measured when you turn around and see how far you’ve come. did you know we used to be a video game company? pretty wild.
Slack 22.06.11,24 May 2022,"what’s newhard work is happening this week, but nothing we can easily describe. it’s like a duck swimming on a river. under the water, the duck is paddling furiously, but on top all that can be seen is the gentle gliding of a bird on water. this week, slack is the duck."
Slack 22.05.20,23 May 2022,"what’s newwe’ve updated the channel list so you can now sort channels by recent activity, and sorting preferences set on desktop will now sync with your mobile view. you’ll also see your three most recent dms in the home tab for added convenience.fixed: images and videos were not displaying any sort of preview, an experience some found “mysterious and exciting” and everyone else found “broken and annoying.”fixed: selecting an emoji was causing the keyboard to immediately hide itself, which was a pain when you wanted to continue writing your message. it will now reappear promptly rather than assuming each emoji carries all the finality of a wax seal upon your message."
Slack 22.05.10,9 May 2022,"fixed: when a message was deleted, it would very occasionally linger in the mobile app longer than was appropriate. see here, deleted messages: no lingering, loitering, dawdling, dithering or dallying. (slack penal code 22.05.10)fixed: multi-line code blocks were not readable in dark mode. while “dark mode” is arguably most accurate when it’s impossible to see anything, is it notably less useful.fixed: if you flipped your device to landscape mode while editing your profile, the button to save your changes would disappear. this was intentional, so you could meditate on how we are always growing and changing, and how any attempt to stop the flow of time is nothing more than vanity. just kidding, it was totally a bug."
Slack 22.04.20,25 April 2022,"what’s newa little reminder as you go about your day: the world is a more unique place simply because you’re a part of it, and you’ve impacted others in ways you can’t imagine. oh, and no big changes to the app this time. happy messaging."
Slack 22.04.10,11 April 2022,"what’s newdash on over to the quick switcher to find that searches will more accurately return channels with dashes in their names. if your hopes were previously dashed, we ask for a dash of forgiveness and wish to say you’re looking very dashing today.fixed: uploading a new profile picture was sometimes failing, leaving people stuck with their old ones like an unfortunate driver’s license photo. contrary to popular belief, we’ve never aspired for slack to feel like going to the dmv, so retake that photo to your heart’s content.fixed: on certain devices, tapping on a notification could lead to a weird state where backing out of a thread would always return you to that message from the notification you tapped. it was a phenomenon as confusing to witness as it is to explain, and we’ll all be pleased to never have to experience it again."
Slack 22.03.20,28 March 2022,"what’s newthe size of the slack app (the amount of data you download) is now a bit smaller, lighter, more compact. more efficient. trim. tightly engineered. streamlined. pared down to its essentials. you know, unlike this update copy.fixed: attempting to change your notification settings for a specific channel would routinely fail. not in an entertaining way, or the sort that teaches you something important on your way to greater heights. it just didn’t do the thing it was designed to do. sometimes misfortune carries with it no lesson. anyway, it works again."
Slack 22.03.10,14 March 2022,"what’s newwhen previewing a channel prior to joining, you’ll now see the channel description displayed with the channel name for a bit more context. for when you’re unsure whether #the-owls is a channel for ornithologists, insomniacs or fans of the show twin peaks.if you’re someone whose workday doesn’t start at 9 am (or if you find slackbot alerts first thing in the morning to be less of a pick-me-up and more of a put-me-down), you can now choose when your “tomorrow” or “next week” reminders will appear. head over to preferences > notifications to set the default that works best for you.we love emoji. but they can sometimes overwhelm the screen, particularly when that screen is small and hand-held. so we asked our scientists to determine “a more reasonable amount” of reacji to display at one time, and that answer is 9. but don’t worry—the full panoply of reactions can be experienced with just a tap of your finger."
Slack 22.02.20,28 February 2022,"what’s newlet’s double click on that: if your organization allows you to edit your messages, you can fix that typo quicker than ever. just double-tap one of your messages to open up the editing view.ever reply to a thread only to realize you should have sent that reply back into the main channel? us too. that’s why you can now retroactively share your threaded messages with the rest of the channel. just press and hold on the message in question, then select “send reply to this channel.” to give it the attention it deserves.images, stickers and emoji from custom keyboards were not previously supported in slack, leading to “the particular pain of not being able to express oneself with the specific gif or meme one has in mind” (translated from the german). we support these now, and hope you feel supported as well.the first time you send someone a direct message, you’ll now see their pronouns displayed at the beginning of the conversation. we hope it’s a small step that will help foster respect among colleagues."
Slack 22.02.10,14 February 2022,"fixed: if you were someone with a whole bunch of workspaces, attempting to sign out of one of those workspaces was causing the app to freeze. some people also reported hearing the faintest strains of “hotel california” as the app refused to complete the sign-out. now you may check out any time you like, and you can also leave.fixed: when attempting to edit your profile, the keyboard was obscuring the text entry field, with no way to scroll down and see your edits. we’d like to say that this is the sort of challenge that ultimately builds character, but instead we’ll say it was a bug which ultimately was just a pain."
Slack 22.01.30,31 January 2022,"what’s newprefer for tappable urls to be underlined? we’ve added a new accessibility option to the preferences menu to increase visibility for those words that are, in fact, links.long-pressing on a url would bring up a menu with several prompts, none of which would actually do anything. we’d call it a false dilemma, but that would imply that any of the choices you were given were real options.people on certain devices were seeing prompts to “join the huddle happening now,” but found they were unable to join that huddle or dismiss the banner. we can only imagine this is what it would feel like to be repeatedly invited to a party where you are turned away at the door, and for that we are truly sorry.attempting to archive a channel shared in slack connect would return an unhelpful error. incorrect, even. maybe the real error was the errors we wrote along the way.tablet users reported that when someone else on a call stopped sharing their screen, the app would abruptly crash. it’s important to learn to share, but it’s equally important to learn how to not have a meltdown when sharing time is over."
Slack 22.01.20,18 January 2022,"fixed: if you opened the dms tab and repeatedly scrolled up and down, you may have noticed that the preview text would slowly be replaced by multiple copies of the word “you.” it would seem our “new year, new you” initiative had gotten a bit out of hand."
Slack 22.01.11,7 January 2022,"we tweaked some things too small to notice or too difficult to explain. we’ll return you to your regular, more interesting types of release next time (we hope)."
Slack 22.01.10,3 January 2022,"fixed: if you manually marked a message as unread, you may have found the app took your instructions to heart with such conviction and intensity that the message could then never be marked as read. time softens our most rigid postures (a code change doesn’t hurt either), so you should find message read states are now more appropriately fluid."
Slack 21.12.10,6 December 2021,"what’s newno news is good news! well, some news can also be good news, or no news could perhaps lead to uncertainty and speculation on par with bad news, but in this case our absence of news is a good thing. or at least not a bad thing. no news is just fine. carry on."
Slack 21.11.20,15 November 2021,"what’s newthe channel list just got easier to command! tap and hold on any channel or dm in the home tab to mark a conversation as read, mute notifications, copy the channel name or leave it entirely. all this with the press of a finger."
Slack 21.11.10,1 November 2021,"if you’re someone who sets their screen zoom and font size to the maximum values, you may have noticed that the text editing field was getting pushed offscreen. we want there to be room for everyone in the app, so you should find the editor now remains in view no matter how much you “enhance” the image. 🔬"
Slack 21.10.20,18 October 2021,"what’s newnew emoji reactions will now appear immediately while in the all threads view, because it’s exhausting switching back and forth just to see if people laughed at your squid game jokes.if you’re using slack connect to share a private channel with another organization, we’ll make sure it stays private on the receiving end. that is, there is no option when accepting a private shared channel to make it public. more peace of mind for you, more security for all."
Slack 21.10.10,4 October 2021,"what’s newyou can now record video and audio clips right within slack. add some face time to your team updates, talk through feedback, or just say hello. want to sing your portion of the stand-up? best check with your manager on that one.the channel list just got a little friendlier. you’ll now see avatars next to your direct messages, and for those group conversations with lots of names, we’ve given you a bit more space to see just who it is you’re talking to.channel sections can now be collapsed or expanded with a tap of your finger, making for a tidier, more focused experience.fixed: file uploads were being prevented in slack connect channels, somewhat defeating the purpose of the whole “connect” thing. assuming the permission is enabled by your admins, you may once again upload to your heart’s content."
Slack 21.09.20,20 September 2021,"what’s newminor improvements have been made, and bug fixes taken place, but they’re the kind that are out of sight, behind closed doors, and quietly just doing their job, deep in the inner workings of the app, making things just a little bit better."
Slack 21.09.10,7 September 2021,"fixed: tapping the search option on the android keyboard while an active search was already underway created a feedback loop of meta-searches, eventually concluding in a crash. turns out the app didn’t like being faced with the existential crisis of having a search within a search. a question within a question. a void within a void. where were we?"
Slack 21.08.20,23 August 2021,"fixed: while browsing emoji or searching for people on an older version of android, the back button would temporarily become ineffectual. this has been fixed, and if you’re doing either of those things you can use the back button to hop back in time to where you were before. look at you go!"
Slack 21.08.10,9 August 2021,"what’s newthis will be the last version of slack that supports android 6 and 7. in addition, starting on september 1st, you’ll need to be running android 8 or later in order to connect to slack. we know this is potentially frustrating news, but these minimum requirements are necessary in order to ensure slack remains as secure and seamless as we built it to be. thank you for your understanding.fixed: occasionally, attempting to switch workspaces by tapping the workspace icon would instead offer the option to sign out, the implication of which was rather rude. roam if you want to!fixed: rotating the device while there was unsent text in the input field led to a crash, which was frustrating no matter which way you looked at it.fixed: in some rare cases, tapping “threads” would show an error message instead of the threads you were looking for. we’ve sewn up that tear so your threads are once again where you expect them to be."
Slack 21.07.20,26 July 2021,"what’s newwe’ve made it much quicker to join slack from a shared connect invite, because never does time move as slowly as when you are filling out forms in the shadow of the place you really want to be. come on in; the channel’s fine.fixed: you can now set a reminder for a “custom” time of your choosing. you always should have been able to, but our system got a little restrictive there for a minute. want that “make a wish” message to remind you at 11:11? the app is your oyster."
Slack 21.07.10,12 July 2021,"fixed: custom skin tones were not being respected in reacji, giving you the generic yellow version instead. going forward, the emoji you choose will now be the emoji that's shared.fixed: if you start a new message with a ‘>’ symbol, the message will be formatted as a block quote, just like it would be on our other platforms. you can (block) quote us on that."
Slack 21.06.30,28 June 2021,"fixed: links were not opening when slack’s preferences were set to hand off to an external browser app, instead providing a vague and unsatisfying error message. this has been fixed, and the only thing vague and unsatisfying now is the ending to that screenplay we’ve been working on."
Slack 21.06.20,14 June 2021,"what’s newyou know how sometimes you just become aware of how much tension you’re holding in your body, then take a deep breath and slowly let it out? this update is like that. it’s still slack, just with a tiny bit less friction."
Slack 21.06.10,1 June 2021,"fixed: if you had your settings such that images would not be automatically expanded, our “tap to expand this image” prompt would get mixed up with any text previews generated from a posted url, leading to similar amounts of confusion as experienced when describing this bug.fixed: if a direct message from a bot contained buttons, and you tapped the message to view its details, the buttons would no longer work. broken buttons beget bitterness, but better buttons bring bliss.fixed: in certain cases, muted channels would become unmuted, which was frankly quite rude. that which has been politely asked to remain quiet shall now remain dutifully mum."
Slack 21.05.20,17 May 2021,"what’s newsmall thumb update (er, the update is small, but it applies to any size of thumb or appendage) — if you follow a link from one channel to another, swiping to the right will now take you back to the previous channel instead of the channel list.did you know you can tap and hold on an emoji reaction to see who reacted to the message? well if you didn’t, now you do. and if you already knew about that, go ahead and give it another go. we’ve made it dramatically easier to see who’s reacted to what. how dramatically? eight years of theater school and a summer production of hamlet."
Slack 21.05.10,3 May 2021,fixed: long-pressing on the app icon to jump to a recent dm now actually takes you to that dm. we thought it would be better if our buttons actually did the thing we told you they would do.
Slack 21.04.20,19 April 2021,"what’s newif you’re well versed in simplified or traditional chinese — or aspire to be one day — you can now use slack in those languages. set your language preferences in you > preferences > language & region.fixed: for some people who have slack set to a different language than their device, we incorrectly delivered a message about switching languages whenever they opened their slack app. our delivery owls have been retrained, so you should now only see that message when you manually change the language inside of slack."
Slack 21.04.10,5 April 2021,"what’s newan emoji is worth a thousand words, and now you’ll be able to access them more easily: both the picker and search are now in the bottom sheet, and you’ll see more of them at a glance.fixed: a pesky bug that used to show an incorrect number of reactions in the mentions & reactions tab (or worse yet, didn’t show the reaction at all) has been dutifully squashed. or collected and gently put outside. either way, it’s gone.fixed: tapping the microphone icon to search or switch to a new channel might’ve crashed the app if your device didn’t support speech recognition — which was quite the dramatic reaction. we fixed that, so now your device will instead send a polite alert if it doesn’t support speech recognition.fixed: now, instead of getting a blank look from slack when you tried to type in a channel name that couldn’t be found, you’ll simply be told there are no results for that channel name. which is far clearer, we hope."
Slack 21.03.20,22 March 2021,"fixed: marking a reminder as complete should give you a deep and profound sense of satisfaction, not an error message. those errors are gone now, so you can keep blazing through your to-do list.fixed: while you were crafting the perfect message, the slightest tap outside the keyboard would take you to a different place entirely. now, we keep you where you are until you’re ready to leave."
Slack 21.03.10,8 March 2021,fixed: group dms were difficult to distinguish because the app would truncate the list of participants. now it’s easier to see names when composing a message or looking in the quick switcher. you’ll know the names of everyone at the party before you walk into the room.
Slack 21.02.20,22 February 2021,"what’s newfans of the workspace switcher, take note: first of all, we are flattered you consider yourself a fan of the workspace switcher. chuffed, even. second, we’re giving it a refresh, so you can better distinguish your workspaces and switch between them more easily.for some, search is the heart of slack. now, it’s also the feet, because search is moving to its own tab at the bottom of the app.sharing files into slack from outside slack — say, from your photos app — is now much nicer than before. we’ll suggest dms or channels for you, making it easier to share with just a few taps. should things have always been this way? yes! and so they are."
Slack 21.02.10,8 February 2021,fixed: tapping a profile picture or username in a thread used to do nothing. we weren’t ignoring you; we’re just really into this show at the moment. tapping a profile picture or username now opens that person’s profile.
Slack 21.01.20,25 January 2021,"fixed: an obscure, odd, out-of-left-field crash. if you’ve ever tried editing your profile while also rotating your phone, you may have seen this crash. now, you won’t."
Slack 21.01.11,21 January 2021,we’ve tuned the engine and given the interior a thorough clean. everything is now running smoothly again.
Slack 21.01.10,11 January 2021,"fixed: sometimes, the slack app would crash when launched in landscape mode on a tablet device. things have been turned right side up and the app should start normally in both landscape and portrait mode."
Slack 20.12.10,14 December 2020,"what’s newpreviously, the keyboard would appear and disappear in a way that felt inelegant — or even choppy. we’re happy to report that the appearance and disappearance of keyboards has been smoothed out for android 11 and newer.fixed: stick with me, this one’s a doozy. before now, it was possible to crash slack by viewing a channel that contained a message with an audio attachment, but only if your language was set to korean. slack no longer crashes in this surprisingly-particular way."
Slack 20.11.20,30 November 2020,"what’s newnoble adventurer, your “slash command” skill has been upgraded. you now have access to the /expand and /collapse commands, and the power to expand or collapse inline images and video courses through your veins.fixed: on phones with a “notch” (you’ll know it if you’ve got it), some content was hidden beneath the notch when viewing images full screen. slack is now aware of — and respects — the notch."
Slack 20.11.10,9 November 2020,"fixed: adding a new line to a block quote or code block used to make slack crash. that was then. now, we won’t be blocking you from building your blocks however you’d like."
Slack 20.10.20,26 October 2020,"what’s newwe do these releases every week to keep on top of performance… but sometimes there's nothing specific to tell you. so let's talk about some things we should have been better about telling you about in the first place. like, did you know that you can long press on a message on mobile to set it to ""unread"", so it's there waiting for you when you get to your desk? or set a reminder to look at it later? oh, you did? never mind, then. carry on."
Slack 20.10.10,12 October 2020,"what’s newslack is now available in korean, which means you can finally dm your favorite bts member! that was a joke, please do not do that.time may be a construct, but you shouldn’t have to do math to know what hour it is. now, we match your device's preferences when we display times. if you use a 24-hour clock, you’ll see it reflected when you set a custom status that expires or when you snooze a notification."
Slack 20.09.20,28 September 2020,"what’s newmaybe you’ve heard of slack connect, which reduces countless back-and-forth emails by letting you add partners, clients or vendors to a channel. now, if your organization allows it, you can add another company to a new channel straightaway in the mobile app.fixed: we get it. sometimes you just have to go back. previously, repeated tapping of the back button caused the screen to behave poorly. this was our fault, and has been fixed. back you go, run along now."
Slack 20.09.10,14 September 2020,"what’s newbugs were squished, performance was improved, work was done, and the result was good. please enjoy slack responsibly."
Slack 20.08.30,31 August 2020,"what’s newsometimes, we make improvements that are important, but invisible. this is one of those times. you shouldn’t notice anything different, and that’s the idea — slack should just keep working like you expect it to."
Slack 20.08.20,17 August 2020,"what’s newsometimes we release a new version of our app with improvements and bug fixes so intricate and unseen they can’t be conveyed by a collection of words. so instead of something new, and speaking of collections of words… have you tried keyword notifications — a nifty way to stay tuned in to topics you care about? set or see your keywords by tapping you > settings > my keywords. they’re very good."
Slack 20.08.10,3 August 2020,"what’s newnew: for something you’ve read but need to come back to later, you can now mark a thread as unread. long-press on the message you’d like to start from, and then select the option to mark unread from the menu. yes, you’ve been able to do it with channel messages for a long time, but now, you can do it in threads too. useful!"
Slack 20.07.20,20 July 2020,fixed: a few people noticed that you could select “also send to channel” by tapping the blank space next to the checkbox in a threaded reply. we’ve tightened up that space so your replies only appear outside the thread when you want them to.
Slack 20.07.10,6 July 2020,"what’s newyou can now customize your notification preferences on a per-day basis, which is a fancy way of saying that you can now pause interruptions with do not disturb down to the day. (looking for a feature to pause interruptions from pets, kids, or package deliveries? we feel you.)"
Slack 20.06.20,22 June 2020,"what’s newthis is the last version of slack that will work on android 5.0. to get updates in the future, you’ll need to update your device to android 6.0 (or newer).fixed: if you drafted a reply to a thread, and then that thread was deleted, you were unable to open the draft you’d drafted. this was bad, but now it’s better: you can open, copy, and delete those drafts."
Slack 20.06.10,8 June 2020,"fixed: when viewing the channel list, the ‘+’ buttons that let you browse channels or start a new direct message sometimes, well, didn’t. now they do, every time."
Slack 20.05.21,2 June 2020,we’ve tinkered with the internal workings and polished some rough edges. the app is now better than it was.
Slack 20.05.20,25 May 2020,"fixed: when tapping the button to add an image to a channel or dm, the screen of images to choose from was loading far too slowly for our liking. it now loads much quicker.when long-pressing a message, the menu option to “start a thread” had gone missing, which meant that anyone wanting to start one hit a snag. we hadn’t pulled the thread option, it had just got loose. we’ve now tucked it back into the menu where it belongs."
Slack 20.05.10,11 May 2020,"tl;dr: we’ve redesigned the layout of the app. read more about the improvements on our blog at slackhq.com or in our help center. here though, we’ll stick to what’s new, and what has been fixed.what’s newwhat’s new? most things. we changed almost all of the things. so many things! much change.previously, it was complicated to get to the four main things people do on mobile. we’ve fixed this with a new nifty navigation bar at the bottom of the app containing: a home view for your sidebar, dms, (still listed most recent first), mentions (for quickly catching up), and you (because you’re great) (and also because setting your status/preferences on mobile needed to be easier).the quickswitcher on the desktop app is wonderful, but we discovered an issue where people weren’t using it as much on mobile. so we made the jump to box more prominent (and smarter) to fix this. fingers crossed!it seemed bizarrely hard to create a new message in a channel or dm without finding that precise location first. with an application of logic, software engineering, and a new “compose” button in the bottom right corner, this has been rectified.our apologies to people who have been wanting to easily set reminders, start workflows or access favourite apps in channels and conversations — it was hard to work out how to do that on the move. a new lightning bolt under the message box now gives quick access to shortcuts, and thereby solves this age-old problem.and finally, it came to pass, as time went by, that in the old version of the app, there was a lot of swiping back and forth to get places. we’ve simplified that: now,swiping right will reveal your workspace and preferences, and swiping left will get you back to the last conversation you were in. with this change in behavior, we hope to give you the powers of both omniscience and time travel. nbd.and yes. we know. change is hard! all our fingers have all built up muscle memory, but after continually adding features and functionality over the years, we needed to step back and make sure things made sense. you can find more about these improvements in our blog post, and as always, we welcome your feedback. thank you for reading all the way to the bottom. we appreciate it, and you."
Slack 20.04.20,27 April 2020,"fixed: on some devices, the text input area sometimes wouldn’t be visible after changing channels. it hadn’t disappeared, it had just scrolled off the bottom of the screen. cheeky. it is now once again possible to send messages without playing hide and seek with the message box."
Slack 20.04.10,13 April 2020,"fixed: some users who are required to use a passcode when accessing slack were experiencing a crash when entering that passcode. entering the passcode will now cause you to experience the app. which, we hope, is better."
Slack 20.03.30,30 March 2020,"what’s newminor improvements have been made, and bug fixes taken place, but they’re the kind that are out of sight, behind closed doors, and quietly just doing their job, deep in the inner workings of the app, making things just a little bit better."
Slack 20.03.20,16 March 2020,"what’s newwhile you might not be able to see anything changed, we’ve been hard at work keeping things ticking over. it’s all going great."
Slack 20.03.10,2 March 2020,"what’s newwhat’s new? nothing and everything. or rather, it’s an update that makes things better, but is all invisible to the human eye or not something you could, as a user, put your finger on. literally. so, in other words: “ and minor improvements”."
Slack 20.02.20,17 February 2020,"what’s newthe android app has been looking after itself to bring in the new year, and as a result, it’s now a smaller download, with faster performance to boot."
Slack 20.02.10,3 February 2020,"fixed: people who use chrome os and an external keyboard were finding that some messages would post twice if they used the enter button on the keyboard. it will now return to the amount of times you wanted that message sent (assuming that amount was “once”).fixed: pasting a chunk of text and then editing it to add formatting (like italics), was inexplicably causing a crash. you may now once again add a little something to your pasted paragraph. go ahead: be bold (or italic, or whatever else works for you)."
Slack 20.01.20,21 January 2020,"what’s newwe’ve been working hard behind the scenes to make sure everything is polished, well-oiled, and running as it should be. if you notice anything to the contrary, as always, let us know!"
Slack 20.01.10,6 January 2020,"fixed: in a message from a bot, buttons and menus configured to respond to a user’s actions weren’t actually doing that. this was not the first stage in a robot uprising: it was merely a bug. and is no more."
Slack 19.12.10,9 December 2019,"what’s newfor those who love to format their messages on the move, good news, you can now get that done in a few clicks using the new formatting tool in the message field.if, by some chance, you rotated your device immediately after sending a message, a copy of that message would sometimes remain in the input field (as well as being sent). why? who knows! technology is weird. but at least it’s now weird and fixed."
Slack 19.11.20,18 November 2019,"fixed: sending the /rename command to rename a channel without any other text no longer causes a crash. the /crash command, meanwhile, is still not working at all, so if you were using /rename to get that effect, apologies for the inconvenience to your workflow."
Slack 19.11.10,4 November 2019,"what’s newnothing to see here… just plenty of tinkering behind the scenes to make room for other features (and bugs, of course) to come."
Slack 19.10.20,21 October 2019,"fixed: the “aubergine classic” theme was using the color scheme for the new, (perhaps future-classic) aubergine theme. we have reverted to classic-classic.fixed: sometimes, when we tried to show a long message in a dialog window, it would show a blank window instead, which is basically the opposite. sometimes things are said best when one says nothing at all. this, however, was not one of those times. so we fixed it."
Slack 19.10.11,11 October 2019,"we tweaked some things too small to notice or too difficult to explain. we’ll return you to your regular, more interesting types of release next time (we hope)."
Slack 19.10.10,7 October 2019,"what’s newusers of dark mode will now find they have three options: on (which switches it on), off (same, but off), or an option to honor the system default, which does… just that. users of android 9 and earlier, meanwhile, can choose for the app to go dark when the device enters battery saver mode. either way, it works!all default sidebar themes are now also supported in dark mode — so when you shift into dark mode, whichever of our default themes you use will subtly shift to complement it.in accordance with the unstoppable march of time, updates will only be available to devices running android 5.0 (aka lollipop) or later.fixed: the “connecting” and “offline” banners are now a little lighter in dark mode (and therefore easier to read).fixed: sometimes the horizontal list of “quick reaction emoji” would contain too many emoji, causing them to overlap. ironically, this visual cacophony made reacting slower, so we fixed it."
Slack 19.09.20,23 September 2019,"fixed: in the threads screen, after removing a reaction, it was not possible to add other reactions. changing your mind, or your emoji, is your prerogative, and you are now once again free to indulge that."
Slack 19.09.10,9 September 2019,"fixed: sometimes, if you checked the box in a thread to post your reply in channel as well, the reply would look like it had been sent twice in the thread… until you closed the thread and reopened it. it only ever posted once, but now it looks that way too. apologies for the confusion."
Slack 19.08.20,26 August 2019,"fixed: a crash that sometimes occurred after sending a message while offline, and then coming back online no longer occurs. the app stays up, and the message is sent. everyone wins.fixed: for those using slack in uk english, the “join channel” button displayed at the bottom of a channel you had not yet joined was reading “join %1$s”. it has been pointed out to us that this is not how the british spell “channel”, so we changed it. awfully sorry about that."
Slack 19.08.10,12 August 2019,"fixed: sometimes outgoing messages to a channel looked like they had been sent twice.fixed: sometimes outgoing messages to a channel looked like they had been sent twice. this has now been fixed. yes, we know. we've used this joke before. see what we did? we sent the same thing twice then said it was fixed the second time to hammer home the point. look, there are really only so many ways that software bugs can manifest. and, it turns out, ""things appearing to post twice when they've actually only been posted once"" is a repeat offender. we will strive to ensure that this bug never occurs again, or at least until we think of some brilliant new way of writing about it. in the meantime, we will push for either no bugs at all, or far more ridiculous ones. on your behalf, we hope it's the former."
Slack 19.07.31,6 August 2019,we’ve tuned the engine and given the interior a thorough clean. everything is now running smoothly again.
Slack 19.07.30,29 July 2019,"fixed: it was very difficult (fine: it was basically impossible) to read ```code blocks``` in dark mode. forgive us, we'll continue to iterate and make all these things better.fixed: a crash, that mysteriously (and very rarely) occurred when scrolling through search results if one of the results contained a message with a file attached, crashes no more.fixed: the buttons that appeared after @-mentioning a user in a channel (“invite to a channel” and “share a link”) not performing those actions, which was illogical. if you experienced this and questioned whether you'd ever pushed the button at all, it wasn't you being delusional, it was us being irrational. it is now fixed."
Slack 19.07.20,15 July 2019,"we tweaked some things too small to notice or too difficult to explain. we’ll return you to your regular, more interesting types of release next time (we hope)."
Slack 19.07.10,1 July 2019,"fixed: sometimes, after tapping an image to view it in full-screen, it would disappear, which is the opposite of full-screen. it now does the opposite of the opposite, which was the thing you wanted all along.fixed: @-mentioning or searching for users with names containing chinese, japanese, or korean characters now works as it should.fixed: when trying to add a workspace, some users were experiencing an error claiming that ""something went wrong"" and that they should try again. we fixed this, by making nothing go wrong. so now trying again is surplus to requirements. because it works."
Slack 19.06.20,17 June 2019,"we tweaked some things too small to notice or too difficult to explain. we’ll return you to your regular, more interesting types of release next time (we hope)."
Slack 19.06.10,3 June 2019,"fixed: occasionally, images that had been sent to a channel wouldn’t display. not all images, and not all the time; only sometimes, and for no apparent reason. turns out there was a reason! it was ""software being weird"". so we fixed it, and images should once again display correctly.fixed: in some cases, attempting to upload animated .gifs and .webm files would instead upload non-animated versions, which defeated the object. this is fixed."
Slack 19.05.20,20 May 2019,"what’s newwhen selecting an image to upload, you can now give a light tippity-tap on the thumbnail to preview it, or long pressity-press (technical terms) on it to edit the title.fixed: rotating your phone from portrait to landscape view sometimes mysteriously crashed the app. it now doesn't. or, to look at it another way: you now can.fixed: on some devices with physical keyboards the message input field was preventing the send button from appearing, which rather defeated the object. it now appears.fixed: @-mentioning users with characters from rtl (right-to-left) languages now works even when typing out their full name, as is right and proper."
Slack 19.5.1,6 May 2019,"fixed: when long pressing on a message to perform an action — like marking unread, setting a reminder or sharing — some of the message actions were overlapping unattractively. they're much more attractive now."
Slack 19.4.2,22 April 2019,"what’s newolá, hola, and nice to see you (to see you nice): from today, slack supports three new languages — brazilian portuguese, latin american spanish and uk english. you can change this in the settings menu under, not unexpectedly, ""language"". jolly good! carry on, everyone.support for google smart lock has been added, so if you’ve enabled google smart lock on your device, you can now log into slack with one single glorious tap."
Slack 19.4.1,8 April 2019,"what’s newclicking the + button at the top of your list of channels always got you to a channel browser (true!) but that channel browser has been improved in lots of little ways. the fact it will now indicate which channels you're a member of is but one. click it to find the others.fixed: animated gifs sometimes showed a “gif” overlay in the middle of the image. while both informative and accurate, this made it slightly — very slightly — harder to see the gifs. we cannot apologize enough. please be assured, it is now rectified."
Slack 19.3.2,25 March 2019,"what’s newyour latest unread channels should now highlight and get sorted to the top of your sidebar faster than before. zippy!fixed: externally-hosted files (like those hosted on google drive, for instance) were showing download button that looked great, but didn't actually work. now it looks great, also works, and everything opens as it used to."
Slack 19.3.1,11 March 2019,"what’s newdark mode can now be switched on (or off) in the settings menu. yes, it’s been a long road, but there’s finally dark at the end of the tunnel. nb: this is mobile only for now, with desktop coming later — thank you for both bearing with us, and for continuing to expect more of us."
